Date,Overall AQI Value,Main Pollutant,Site Name (of Overall AQI),Site ID (of Overall AQI),Source (of Overall AQI),Ozone,SO2,PM25
1/1/2020,38,PM2.5,GREEN BAY EAST HIGH,55-009-0005,AirNow,.,,38
1/2/2020,28,PM2.5,GREEN BAY EAST HIGH,55-009-0005,AirNow,.,,28
1/3/2020,25,PM2.5,GREEN BAY EAST HIGH,55-009-0005,AirNow,.,,25
1/4/2020,17,PM2.5,GREEN BAY EAST HIGH,55-009-0005,AirNow,.,,17
1/5/2020,32,PM2.5,GREEN BAY EAST HIGH,55-009-0005,AirNow,.,,32
1/6/2020,19,PM2.5,GREEN BAY EAST HIGH,55-009-0005,AirNow,.,,19
1/7/2020,19,PM2.5,GREEN BAY EAST HIGH,55-009-0005,AirNow,.,,19
1/10/2020,62,PM2.5,GREEN BAY EAST HIGH,55-009-0005,AirNow,.,,62
1/11/2020,12,PM2.5,GREEN BAY EAST HIGH,55-009-0005,AirNow,.,,12
1/12/2020,15,PM2.5,GREEN BAY EAST HIGH,55-009-0005,AirNow,.,,15
01/13/2020,32,PM2.5,GREEN BAY EAST HIGH,55-009-0005,AirNow,.,,32
01/14/2020,54,PM2.5,GREEN BAY EAST HIGH,55-009-0005,AirNow,.,,54
01/15/2020,39,PM2.5,GREEN BAY EAST HIGH,55-009-0005,AirNow,.,,39
01/16/2020,25,PM2.5,GREEN BAY EAST HIGH,55-009-0005,AirNow,.,,25
01/17/2020,35,PM2.5,GREEN BAY EAST HIGH,55-009-0005,AirNow,.,,35
01/18/2020,26,PM2.5,GREEN BAY EAST HIGH,55-009-0005,AirNow,.,,26
01/19/2020,15,PM2.5,GREEN BAY EAST HIGH,55-009-0005,AirNow,.,,15
01/20/2020,23,PM2.5,GREEN BAY EAST HIGH,55-009-0005,AirNow,.,,23
01/21/2020,52,PM2.5,GREEN BAY EAST HIGH,55-009-0005,AirNow,.,,52
01/22/2020,65,PM2.5,GREEN BAY EAST HIGH,55-009-0005,AirNow,.,,65
01/23/2020,63,PM2.5,GREEN BAY EAST HIGH,55-009-0005,AirNow,.,,63
01/24/2020,58,PM2.5,GREEN BAY EAST HIGH,55-009-0005,AirNow,.,,58
01/25/2020,27,PM2.5,GREEN BAY EAST HIGH,55-009-0005,AirNow,.,,27
01/26/2020,27,PM2.5,GREEN BAY EAST HIGH,55-009-0005,AirNow,.,,27
01/27/2020,14,PM2.5,GREEN BAY EAST HIGH,55-009-0005,AirNow,.,,14
01/28/2020,12,PM2.5,GREEN BAY EAST HIGH,55-009-0005,AirNow,.,,12
01/29/2020,8,PM2.5,GREEN BAY EAST HIGH,55-009-0005,AirNow,.,,8
01/30/2020,56,PM2.5,GREEN BAY EAST HIGH,55-009-0005,AirNow,.,,56
01/31/2020,79,PM2.5,GREEN BAY EAST HIGH,55-009-0005,AirNow,.,,79
2/1/2020,57,PM2.5,GREEN BAY EAST HIGH,55-009-0005,AirNow,.,,57
2/2/2020,31,PM2.5,GREEN BAY EAST HIGH,55-009-0005,AirNow,.,,31
2/3/2020,23,PM2.5,GREEN BAY EAST HIGH,55-009-0005,AirNow,.,,23
2/4/2020,12,PM2.5,GREEN BAY EAST HIGH,55-009-0005,AirNow,.,,12
2/5/2020,29,PM2.5,GREEN BAY EAST HIGH,55-009-0005,AirNow,.,,29
2/6/2020,48,PM2.5,GREEN BAY EAST HIGH,55-009-0005,AirNow,.,,48
2/7/2020,40,PM2.5,GREEN BAY EAST HIGH,55-009-0005,AirNow,.,,40
2/8/2020,22,PM2.5,GREEN BAY EAST HIGH,55-009-0005,AirNow,.,,22
2/9/2020,32,PM2.5,GREEN BAY EAST HIGH,55-009-0005,AirNow,.,,32
2/10/2020,52,PM2.5,GREEN BAY EAST HIGH,55-009-0005,AirNow,.,,52
2/11/2020,55,PM2.5,GREEN BAY EAST HIGH,55-009-0005,AirNow,.,,55
2/12/2020,40,PM2.5,GREEN BAY EAST HIGH,55-009-0005,AirNow,.,,40
02/13/2020,15,PM2.5,GREEN BAY EAST HIGH,55-009-0005,AirNow,.,,15
02/14/2020,35,PM2.5,GREEN BAY EAST HIGH,55-009-0005,AirNow,.,,35
02/15/2020,36,PM2.5,GREEN BAY EAST HIGH,55-009-0005,AirNow,.,,36
02/16/2020,38,PM2.5,GREEN BAY EAST HIGH,55-009-0005,AirNow,.,,38
02/17/2020,29,PM2.5,GREEN BAY EAST HIGH,55-009-0005,AirNow,.,,29
02/18/2020,24,PM2.5,GREEN BAY EAST HIGH,55-009-0005,AirNow,.,,24
02/19/2020,21,PM2.5,GREEN BAY EAST HIGH,55-009-0005,AirNow,.,,21
02/20/2020,29,PM2.5,GREEN BAY EAST HIGH,55-009-0005,AirNow,.,,29
02/21/2020,43,PM2.5,GREEN BAY EAST HIGH,55-009-0005,AirNow,.,,43
02/22/2020,47,PM2.5,GREEN BAY EAST HIGH,55-009-0005,AirNow,.,,47
02/23/2020,48,PM2.5,GREEN BAY EAST HIGH,55-009-0005,AirNow,.,,48
02/24/2020,23,PM2.5,GREEN BAY EAST HIGH,55-009-0005,AirNow,.,,23
02/25/2020,13,PM2.5,GREEN BAY EAST HIGH,55-009-0005,AirNow,.,,13
02/26/2020,13,PM2.5,GREEN BAY EAST HIGH,55-009-0005,AirNow,.,,13
02/27/2020,14,PM2.5,GREEN BAY EAST HIGH,55-009-0005,AirNow,.,,14
02/28/2020,17,PM2.5,GREEN BAY EAST HIGH,55-009-0005,AirNow,.,,17
02/29/2020,24,PM2.5,GREEN BAY EAST HIGH,55-009-0005,AirNow,.,,24
3/1/2020,54,PM2.5,GREEN BAY EAST HIGH,55-009-0005,AirNow,.,,54
3/2/2020,29,PM2.5,GREEN BAY EAST HIGH,55-009-0005,AirNow,.,,29
3/3/2020,39,PM2.5,GREEN BAY EAST HIGH,55-009-0005,AirNow,.,,39
3/4/2020,23,PM2.5,GREEN BAY EAST HIGH,55-009-0005,AirNow,.,,23
3/5/2020,27,PM2.5,GREEN BAY EAST HIGH,55-009-0005,AirNow,.,,27
3/6/2020,14,PM2.5,GREEN BAY EAST HIGH,55-009-0005,AirNow,.,,14
3/7/2020,35,PM2.5,GREEN BAY EAST HIGH,55-009-0005,AirNow,.,,35
3/8/2020,57,PM2.5,GREEN BAY EAST HIGH,55-009-0005,AirNow,.,,57
3/9/2020,44,PM2.5,GREEN BAY EAST HIGH,55-009-0005,AirNow,.,,44
3/10/2020,25,PM2.5,GREEN BAY EAST HIGH,55-009-0005,AirNow,.,,25
3/11/2020,48,PM2.5,GREEN BAY EAST HIGH,55-009-0005,AirNow,.,,48
3/12/2020,57,PM2.5,GREEN BAY EAST HIGH,55-009-0005,AirNow,35,,57
03/13/2020,38,Ozone,KEWAUNEE,55-061-0002,AirNow,38,,16
03/14/2020,33,Ozone,KEWAUNEE,55-061-0002,AirNow,33,,16
03/15/2020,39,Ozone,KEWAUNEE,55-061-0002,AirNow,39,,16
03/16/2020,39,PM2.5,GREEN BAY EAST HIGH,55-009-0005,AirNow,32,,39
03/17/2020,41,Ozone,KEWAUNEE,55-061-0002,AirNow,41,,30
03/18/2020,48,PM2.5,GREEN BAY EAST HIGH,55-009-0005,AirNow,39,,48
03/19/2020,50,PM2.5,GREEN BAY EAST HIGH,55-009-0005,AirNow,28,,50
03/20/2020,36,Ozone,KEWAUNEE,55-061-0002,AirNow,36,,13
03/21/2020,37,Ozone,GREEN BAY - UW,55-009-0026,AirNow,37,,16
03/22/2020,41,PM2.5,GREEN BAY EAST HIGH,55-009-0005,AirNow,38,,41
03/23/2020,60,PM2.5,GREEN BAY EAST HIGH,55-009-0005,AirNow,30,,60
03/25/2020,66,PM2.5,GREEN BAY EAST HIGH,55-009-0005,AirNow,28,,66
03/26/2020,29,PM2.5,GREEN BAY EAST HIGH,55-009-0005,AirNow,28,,29
03/27/2020,35,PM2.5,GREEN BAY EAST HIGH,55-009-0005,AirNow,30,,35
03/28/2020,34,Ozone,GREEN BAY - UW,55-009-0026,AirNow,34,,25
03/29/2020,35,Ozone,GREEN BAY - UW,55-009-0026,AirNow,35,,11
03/30/2020,37,Ozone,GREEN BAY - UW,55-009-0026,AirNow,37,,14
03/31/2020,30,Ozone,GREEN BAY - UW,55-009-0026,AirNow,30,,20
4/1/2020,28,Ozone,GREEN BAY - UW,55-009-0026,AirNow,28,,23
4/2/2020,34,PM2.5,GREEN BAY EAST HIGH,55-009-0005,AirNow,27,,34
4/3/2020,39,Ozone,GREEN BAY - UW,55-009-0026,AirNow,39,,23
4/4/2020,31,Ozone,GREEN BAY - UW,55-009-0026,AirNow,31,,19
4/5/2020,39,Ozone,GREEN BAY - UW,55-009-0026,AirNow,39,,27
4/6/2020,42,Ozone,GREEN BAY - UW,55-009-0026,AirNow,42,,41
4/7/2020,59,PM2.5,GREEN BAY EAST HIGH,55-009-0005,AirNow,37,,59
4/8/2020,42,Ozone,GREEN BAY - UW,55-009-0026,AirNow,42,,36
4/9/2020,40,Ozone,GREEN BAY - UW,55-009-0026,AirNow,40,,18
4/10/2020,34,Ozone,GREEN BAY - UW,55-009-0026,AirNow,34,,18
1/1/2019,19,PM2.5,GREEN BAY EAST HIGH,55-009-0005,AQS,.,0,19
1/2/2019,33,PM2.5,GREEN BAY EAST HIGH,55-009-0005,AQS,.,4,33
1/3/2019,29,PM2.5,GREEN BAY EAST HIGH,55-009-0005,AQS,.,6,29
1/4/2019,43,PM2.5,GREEN BAY EAST HIGH,55-009-0005,AQS,.,4,43
1/5/2019,51,PM2.5,GREEN BAY EAST HIGH,55-009-0005,AQS,.,4,51
1/6/2019,13,PM2.5,GREEN BAY EAST HIGH,55-009-0005,AQS,.,3,13
1/7/2019,20,PM2.5,GREEN BAY EAST HIGH,55-009-0005,AQS,.,0,20
1/8/2019,34,PM2.5,GREEN BAY EAST HIGH,55-009-0005,AQS,.,1,34
1/9/2019,15,PM2.5,GREEN BAY EAST HIGH,55-009-0005,AQS,.,0,15
1/10/2019,15,PM2.5,GREEN BAY EAST HIGH,55-009-0005,AQS,.,1,15
1/11/2019,40,PM2.5,GREEN BAY EAST HIGH,55-009-0005,AQS,.,0,40
1/12/2019,39,PM2.5,GREEN BAY EAST HIGH,55-009-0005,AQS,.,0,39
01/13/2019,14,PM2.5,GREEN BAY EAST HIGH,55-009-0005,AQS,.,0,14
01/14/2019,52,PM2.5,GREEN BAY EAST HIGH,55-009-0005,AQS,.,1,52
01/15/2019,38,PM2.5,GREEN BAY EAST HIGH,55-009-0005,AQS,.,1,38
01/16/2019,18,PM2.5,GREEN BAY EAST HIGH,55-009-0005,AQS,.,4,18
01/17/2019,30,PM2.5,GREEN BAY EAST HIGH,55-009-0005,AQS,.,1,30
01/18/2019,21,PM2.5,GREEN BAY EAST HIGH,55-009-0005,AQS,.,3,21
01/19/2019,11,PM2.5,GREEN BAY EAST HIGH,55-009-0005,AQS,.,1,11
01/20/2019,9,PM2.5,GREEN BAY EAST HIGH,55-009-0005,AQS,.,4,9
01/21/2019,15,PM2.5,GREEN BAY EAST HIGH,55-009-0005,AQS,.,0,15
01/22/2019,38,PM2.5,GREEN BAY EAST HIGH,55-009-0005,AQS,.,3,38
01/23/2019,30,PM2.5,GREEN BAY EAST HIGH,55-009-0005,AQS,.,3,30
01/24/2019,43,PM2.5,GREEN BAY EAST HIGH,55-009-0005,AQS,.,0,43
01/25/2019,23,PM2.5,GREEN BAY EAST HIGH,55-009-0005,AQS,.,0,23
01/26/2019,52,PM2.5,GREEN BAY EAST HIGH,55-009-0005,AQS,.,4,52
01/27/2019,30,PM2.5,GREEN BAY EAST HIGH,55-009-0005,AQS,.,1,30
01/28/2019,10,PM2.5,GREEN BAY EAST HIGH,55-009-0005,AQS,.,0,10
01/29/2019,17,PM2.5,GREEN BAY EAST HIGH,55-009-0005,AQS,.,0,17
01/30/2019,20,PM2.5,GREEN BAY EAST HIGH,55-009-0005,AQS,.,1,20
01/31/2019,40,PM2.5,GREEN BAY EAST HIGH,55-009-0005,AQS,.,0,40
2/1/2019,43,PM2.5,GREEN BAY EAST HIGH,55-009-0005,AQS,.,1,43
2/2/2019,86,PM2.5,GREEN BAY EAST HIGH,55-009-0005,AQS,.,6,86
2/3/2019,60,PM2.5,GREEN BAY EAST HIGH,55-009-0005,AQS,.,6,60
2/4/2019,0,SO2,GREEN BAY EAST HIGH,55-009-0005,AQS,.,0,.
2/5/2019,0,SO2,GREEN BAY EAST HIGH,55-009-0005,AQS,.,0,.
2/6/2019,17,PM2.5,GREEN BAY EAST HIGH,55-009-0005,AQS,.,1,17
2/7/2019,15,PM2.5,GREEN BAY EAST HIGH,55-009-0005,AQS,.,1,15
2/8/2019,15,PM2.5,GREEN BAY EAST HIGH,55-009-0005,AQS,.,0,15
2/9/2019,45,PM2.5,GREEN BAY EAST HIGH,55-009-0005,AQS,.,17,45
2/10/2019,29,PM2.5,GREEN BAY EAST HIGH,55-009-0005,AQS,.,6,29
2/11/2019,13,PM2.5,GREEN BAY EAST HIGH,55-009-0005,AQS,.,0,13
2/12/2019,13,PM2.5,GREEN BAY EAST HIGH,55-009-0005,AQS,.,0,13
02/13/2019,16,PM2.5,GREEN BAY EAST HIGH,55-009-0005,AQS,.,0,16
02/14/2019,49,PM2.5,GREEN BAY EAST HIGH,55-009-0005,AQS,.,1,49
02/15/2019,21,PM2.5,GREEN BAY EAST HIGH,55-009-0005,AQS,.,0,21
02/16/2019,21,PM2.5,GREEN BAY EAST HIGH,55-009-0005,AQS,.,0,21
02/17/2019,8,PM2.5,GREEN BAY EAST HIGH,55-009-0005,AQS,.,0,8
02/18/2019,20,PM2.5,GREEN BAY EAST HIGH,55-009-0005,AQS,.,1,20
02/19/2019,54,PM2.5,GREEN BAY EAST HIGH,55-009-0005,AQS,.,3,54
02/20/2019,43,PM2.5,GREEN BAY EAST HIGH,55-009-0005,AQS,.,1,43
02/21/2019,60,PM2.5,GREEN BAY EAST HIGH,55-009-0005,AQS,.,6,60
02/22/2019,75,PM2.5,GREEN BAY EAST HIGH,55-009-0005,AQS,.,7,75
02/23/2019,54,PM2.5,GREEN BAY EAST HIGH,55-009-0005,AQS,.,0,54
02/24/2019,22,PM2.5,GREEN BAY EAST HIGH,55-009-0005,AQS,.,0,22
02/25/2019,16,PM2.5,GREEN BAY EAST HIGH,55-009-0005,AQS,.,0,16
02/26/2019,17,PM2.5,GREEN BAY EAST HIGH,55-009-0005,AQS,.,0,17
02/27/2019,18,PM2.5,GREEN BAY EAST HIGH,55-009-0005,AQS,.,0,18
02/28/2019,53,PM2.5,GREEN BAY EAST HIGH,55-009-0005,AQS,.,4,53
3/1/2019,53,PM2.5,GREEN BAY EAST HIGH,55-009-0005,AQS,.,1,53
3/2/2019,23,PM2.5,GREEN BAY EAST HIGH,55-009-0005,AQS,.,1,23
3/3/2019,18,PM2.5,GREEN BAY EAST HIGH,55-009-0005,AQS,.,6,18
3/4/2019,34,PM2.5,GREEN BAY EAST HIGH,55-009-0005,AQS,.,10,34
3/5/2019,30,PM2.5,GREEN BAY EAST HIGH,55-009-0005,AQS,.,0,30
3/6/2019,40,PM2.5,GREEN BAY EAST HIGH,55-009-0005,AQS,.,6,40
3/7/2019,41,PM2.5,GREEN BAY EAST HIGH,55-009-0005,AQS,.,3,41
3/8/2019,64,PM2.5,GREEN BAY EAST HIGH,55-009-0005,AQS,.,0,64
3/9/2019,58,PM2.5,GREEN BAY EAST HIGH,55-009-0005,AQS,.,0,58
3/10/2019,34,PM2.5,GREEN BAY EAST HIGH,55-009-0005,AQS,.,0,34
3/11/2019,42,PM2.5,GREEN BAY EAST HIGH,55-009-0005,AQS,.,0,42
3/12/2019,52,PM2.5,GREEN BAY EAST HIGH,55-009-0005,AQS,.,0,52
03/13/2019,43,PM2.5,GREEN BAY EAST HIGH,55-009-0005,AQS,.,0,43
03/14/2019,32,PM2.5,GREEN BAY EAST HIGH,55-009-0005,AQS,.,0,32
03/15/2019,13,PM2.5,GREEN BAY EAST HIGH,55-009-0005,AQS,.,0,13
03/16/2019,15,PM2.5,GREEN BAY EAST HIGH,55-009-0005,AQS,.,0,15
03/17/2019,22,PM2.5,GREEN BAY EAST HIGH,55-009-0005,AQS,.,0,22
03/18/2019,31,PM2.5,GREEN BAY EAST HIGH,55-009-0005,AQS,.,0,31
03/19/2019,37,PM2.5,GREEN BAY EAST HIGH,55-009-0005,AQS,.,3,37
03/20/2019,37,PM2.5,GREEN BAY EAST HIGH,55-009-0005,AQS,35,1,37
03/21/2019,44,Ozone,KEWAUNEE,55-061-0002,AQS,44,0,30
03/22/2019,42,Ozone,KEWAUNEE,55-061-0002,AQS,42,1,13
03/23/2019,46,Ozone,GREEN BAY - UW,55-009-0026,AQS,46,4,28
03/24/2019,42,Ozone,GREEN BAY - UW,55-009-0026,AQS,42,0,28
03/25/2019,43,Ozone,GREEN BAY - UW,55-009-0026,AQS,43,1,11
03/26/2019,42,Ozone,KEWAUNEE,55-061-0002,AQS,42,1,25
03/27/2019,45,Ozone,GREEN BAY - UW,55-009-0026,AQS,45,0,33
03/28/2019,36,Ozone,GREEN BAY - UW,55-009-0026,AQS,36,3,30
03/29/2019,40,Ozone,KEWAUNEE,55-061-0002,AQS,40,0,9
03/30/2019,43,Ozone,GREEN BAY - UW,55-009-0026,AQS,43,7,11
03/31/2019,42,Ozone,GREEN BAY - UW,55-009-0026,AQS,42,0,16
4/1/2019,39,PM2.5,GREEN BAY EAST HIGH,55-009-0005,AQS,35,0,39
4/2/2019,45,PM2.5,GREEN BAY EAST HIGH,55-009-0005,AQS,39,0,45
4/3/2019,43,Ozone,GREEN BAY - UW,55-009-0026,AQS,43,1,16
4/4/2019,43,Ozone,GREEN BAY - UW,55-009-0026,AQS,43,0,14
4/5/2019,43,PM2.5,GREEN BAY EAST HIGH,55-009-0005,AQS,35,1,43
4/6/2019,64,PM2.5,GREEN BAY EAST HIGH,55-009-0005,AQS,33,0,64
4/7/2019,54,PM2.5,GREEN BAY EAST HIGH,55-009-0005,AQS,41,0,54
4/8/2019,44,Ozone,GREEN BAY - UW,55-009-0026,AQS,44,1,24
4/9/2019,35,Ozone,GREEN BAY - UW,55-009-0026,AQS,35,0,10
4/10/2019,41,Ozone,GREEN BAY - UW,55-009-0026,AQS,41,0,6
4/11/2019,42,Ozone,GREEN BAY - UW,55-009-0026,AQS,42,0,13
4/12/2019,34,Ozone,GREEN BAY - UW,55-009-0026,AQS,34,0,18
04/13/2019,40,Ozone,KEWAUNEE,55-061-0002,AQS,40,1,9
04/14/2019,44,Ozone,GREEN BAY - UW,55-009-0026,AQS,44,0,6
04/15/2019,47,Ozone,GREEN BAY - UW,55-009-0026,AQS,47,7,17
04/16/2019,44,Ozone,GREEN BAY - UW,55-009-0026,AQS,44,0,34
04/17/2019,37,Ozone,GREEN BAY - UW,55-009-0026,AQS,37,0,29
04/18/2019,38,Ozone,GREEN BAY - UW,55-009-0026,AQS,38,0,13
04/19/2019,44,Ozone,GREEN BAY - UW,55-009-0026,AQS,44,.,16
04/20/2019,44,Ozone,GREEN BAY - UW,55-009-0026,AQS,44,.,28
04/21/2019,51,Ozone,GREEN BAY - UW,55-009-0026,AQS,51,.,38
04/22/2019,43,Ozone,GREEN BAY - UW,55-009-0026,AQS,43,.,21
04/23/2019,40,Ozone,GREEN BAY - UW,55-009-0026,AQS,40,0,11
04/24/2019,47,Ozone,GREEN BAY - UW,55-009-0026,AQS,47,0,20
04/25/2019,38,PM2.5,GREEN BAY EAST HIGH,55-009-0005,AQS,36,6,38
04/26/2019,44,Ozone,GREEN BAY - UW,55-009-0026,AQS,44,1,18
04/27/2019,42,Ozone,GREEN BAY - UW,55-009-0026,AQS,42,0,16
04/28/2019,42,Ozone,GREEN BAY - UW,55-009-0026,AQS,42,1,25
04/29/2019,41,Ozone,KEWAUNEE,55-061-0002,AQS,41,0,19
04/30/2019,36,Ozone,KEWAUNEE,55-061-0002,AQS,36,0,15
5/1/2019,37,Ozone,GREEN BAY - UW,55-009-0026,AQS,37,0,13
5/2/2019,31,Ozone,GREEN BAY - UW,55-009-0026,AQS,31,3,23
5/3/2019,31,Ozone,GREEN BAY - UW,55-009-0026,AQS,31,0,20
5/4/2019,46,Ozone,GREEN BAY - UW,55-009-0026,AQS,46,1,31
5/5/2019,51,Ozone,KEWAUNEE,55-061-0002,AQS,51,1,36
5/6/2019,40,Ozone,GREEN BAY - UW,55-009-0026,AQS,40,0,14
5/7/2019,36,Ozone,KEWAUNEE,55-061-0002,AQS,36,0,10
5/8/2019,36,Ozone,GREEN BAY - UW,55-009-0026,AQS,36,0,16
5/9/2019,35,Ozone,KEWAUNEE,55-061-0002,AQS,35,0,20
5/10/2019,38,Ozone,GREEN BAY - UW,55-009-0026,AQS,38,0,13
5/11/2019,43,Ozone,GREEN BAY - UW,55-009-0026,AQS,43,0,21
5/12/2019,40,Ozone,GREEN BAY - UW,55-009-0026,AQS,40,0,27
05/13/2019,43,Ozone,GREEN BAY - UW,55-009-0026,AQS,43,0,18
05/14/2019,61,Ozone,GREEN BAY - UW,55-009-0026,AQS,61,0,31
05/15/2019,49,Ozone,GREEN BAY - UW,55-009-0026,AQS,49,1,26
05/16/2019,49,Ozone,GREEN BAY - UW,55-009-0026,AQS,49,1,33
05/17/2019,30,Ozone,GREEN BAY - UW,55-009-0026,AQS,30,0,11
05/18/2019,27,Ozone,KEWAUNEE,55-061-0002,AQS,27,0,14
05/19/2019,23,Ozone,KEWAUNEE,55-061-0002,AQS,23,0,11
05/20/2019,31,Ozone,GREEN BAY - UW,55-009-0026,AQS,31,0,10
05/21/2019,35,Ozone,KEWAUNEE,55-061-0002,AQS,35,0,14
05/22/2019,45,Ozone,KEWAUNEE,55-061-0002,AQS,45,0,33
05/23/2019,35,Ozone,GREEN BAY - UW,55-009-0026,AQS,35,0,17
05/24/2019,31,Ozone,GREEN BAY - UW,55-009-0026,AQS,31,0,14
05/25/2019,48,Ozone,GREEN BAY - UW,55-009-0026,AQS,48,0,28
05/26/2019,34,Ozone,GREEN BAY - UW,55-009-0026,AQS,34,0,18
05/27/2019,35,Ozone,KEWAUNEE,55-061-0002,AQS,35,0,18
05/28/2019,36,Ozone,KEWAUNEE,55-061-0002,AQS,36,0,.
05/29/2019,44,Ozone,GREEN BAY - UW,55-009-0026,AQS,44,3,.
05/30/2019,47,Ozone,GREEN BAY - UW,55-009-0026,AQS,47,3,.
05/31/2019,74,Ozone,GREEN BAY - UW,55-009-0026,AQS,74,0,.
6/1/2019,31,Ozone,GREEN BAY - UW,55-009-0026,AQS,31,0,0
6/2/2019,29,Ozone,GREEN BAY - UW,55-009-0026,AQS,29,0,0
6/3/2019,31,Ozone,GREEN BAY - UW,55-009-0026,AQS,31,0,10
6/4/2019,61,Ozone,KEWAUNEE,55-061-0002,AQS,61,3,45
6/5/2019,52,PM2.5,GREEN BAY EAST HIGH,55-009-0005,AQS,40,0,52
6/6/2019,40,PM2.5,GREEN BAY EAST HIGH,55-009-0005,AQS,36,0,40
6/7/2019,50,Ozone,GREEN BAY - UW,55-009-0026,AQS,50,0,39
6/8/2019,51,Ozone,GREEN BAY - UW,55-009-0026,AQS,51,0,45
6/9/2019,56,PM2.5,GREEN BAY EAST HIGH,55-009-0005,AQS,42,1,56
6/10/2019,34,Ozone,GREEN BAY - UW,55-009-0026,AQS,34,1,21
6/11/2019,48,Ozone,GREEN BAY - UW,55-009-0026,AQS,48,1,33
6/12/2019,36,Ozone,KEWAUNEE,55-061-0002,AQS,36,0,27
06/13/2019,31,Ozone,GREEN BAY - UW,55-009-0026,AQS,31,1,30
06/14/2019,33,PM2.5,GREEN BAY EAST HIGH,55-009-0005,AQS,33,1,33
06/15/2019,31,Ozone,KEWAUNEE,55-061-0002,AQS,31,0,28
06/16/2019,50,PM2.5,GREEN BAY EAST HIGH,55-009-0005,AQS,25,0,50
06/17/2019,31,Ozone,GREEN BAY - UW,55-009-0026,AQS,31,0,27
06/18/2019,41,PM2.5,GREEN BAY EAST HIGH,55-009-0005,AQS,37,0,41
06/19/2019,31,PM2.5,GREEN BAY EAST HIGH,55-009-0005,AQS,31,0,31
06/20/2019,35,PM2.5,GREEN BAY EAST HIGH,55-009-0005,AQS,27,0,35
06/21/2019,36,PM2.5,GREEN BAY EAST HIGH,55-009-0005,AQS,28,0,36
06/22/2019,32,Ozone,GREEN BAY - UW,55-009-0026,AQS,32,0,28
06/23/2019,44,Ozone,GREEN BAY - UW,55-009-0026,AQS,44,0,37
06/24/2019,41,Ozone,KEWAUNEE,55-061-0002,AQS,41,4,32
06/25/2019,47,Ozone,GREEN BAY - UW,55-009-0026,AQS,47,3,30
06/26/2019,49,Ozone,GREEN BAY - UW,55-009-0026,AQS,49,3,36
06/27/2019,74,Ozone,GREEN BAY - UW,55-009-0026,AQS,74,9,33
06/28/2019,49,Ozone,KEWAUNEE,55-061-0002,AQS,49,0,25
06/29/2019,71,Ozone,KEWAUNEE,55-061-0002,AQS,71,1,43
06/30/2019,49,Ozone,KEWAUNEE,55-061-0002,AQS,49,0,47
7/1/2019,39,Ozone,GREEN BAY - UW,55-009-0026,AQS,39,1,34
7/2/2019,39,Ozone,KEWAUNEE,55-061-0002,AQS,39,0,26
7/3/2019,40,PM2.5,GREEN BAY EAST HIGH,55-009-0005,AQS,39,0,40
7/4/2019,48,PM2.5,GREEN BAY EAST HIGH,55-009-0005,AQS,47,0,48
7/5/2019,43,Ozone,KEWAUNEE,55-061-0002,AQS,43,0,30
7/6/2019,29,Ozone,KEWAUNEE,55-061-0002,AQS,29,0,.
7/7/2019,21,Ozone,GREEN BAY - UW,55-009-0026,AQS,21,0,.
7/8/2019,27,Ozone,GREEN BAY - UW,55-009-0026,AQS,27,0,.
7/9/2019,97,Ozone,GREEN BAY - UW,55-009-0026,AQS,97,0,62
7/10/2019,49,Ozone,KEWAUNEE,55-061-0002,AQS,49,1,45
7/11/2019,35,Ozone,GREEN BAY - UW,55-009-0026,AQS,35,3,19
7/12/2019,50,Ozone,GREEN BAY - UW,55-009-0026,AQS,50,1,30
07/13/2019,37,PM2.5,GREEN BAY EAST HIGH,55-009-0005,AQS,30,1,37
07/14/2019,33,Ozone,GREEN BAY - UW,55-009-0026,AQS,33,0,29
07/15/2019,43,Ozone,KEWAUNEE,55-061-0002,AQS,43,1,31
07/16/2019,43,Ozone,KEWAUNEE,55-061-0002,AQS,43,1,29
07/17/2019,45,PM2.5,GREEN BAY EAST HIGH,55-009-0005,AQS,45,0,45
07/18/2019,41,Ozone,KEWAUNEE,55-061-0002,AQS,41,3,33
07/19/2019,54,Ozone,GREEN BAY - UW,55-009-0026,AQS,54,1,30
07/20/2019,33,Ozone,KEWAUNEE,55-061-0002,AQS,33,3,21
07/21/2019,29,Ozone,KEWAUNEE,55-061-0002,AQS,29,4,26
07/22/2019,28,Ozone,GREEN BAY - UW,55-009-0026,AQS,28,3,23
07/23/2019,33,PM2.5,GREEN BAY EAST HIGH,55-009-0005,AQS,31,1,33
07/24/2019,52,PM2.5,GREEN BAY EAST HIGH,55-009-0005,AQS,40,4,52
07/25/2019,77,Ozone,KEWAUNEE,55-061-0002,AQS,77,6,60
07/26/2019,90,Ozone,KEWAUNEE,55-061-0002,AQS,90,1,55
07/27/2019,52,PM2.5,GREEN BAY EAST HIGH,55-009-0005,AQS,44,3,52
07/28/2019,48,Ozone,KEWAUNEE,55-061-0002,AQS,48,3,44
07/29/2019,38,Ozone,GREEN BAY - UW,55-009-0026,AQS,38,3,24
07/30/2019,23,Ozone,GREEN BAY - UW,55-009-0026,AQS,23,4,13
07/31/2019,27,Ozone,GREEN BAY - UW,55-009-0026,AQS,27,0,16
8/1/2019,33,Ozone,GREEN BAY - UW,55-009-0026,AQS,33,1,24
8/2/2019,51,Ozone,GREEN BAY - UW,55-009-0026,AQS,51,4,32
8/3/2019,43,Ozone,KEWAUNEE,55-061-0002,AQS,43,1,35
8/4/2019,36,PM2.5,GREEN BAY EAST HIGH,55-009-0005,AQS,30,1,36
8/5/2019,44,Ozone,GREEN BAY - UW,55-009-0026,AQS,44,1,35
8/6/2019,39,Ozone,KEWAUNEE,55-061-0002,AQS,39,1,30
8/7/2019,41,Ozone,GREEN BAY - UW,55-009-0026,AQS,41,4,33
8/8/2019,22,Ozone,KEWAUNEE,55-061-0002,AQS,22,0,18
8/9/2019,25,Ozone,KEWAUNEE,55-061-0002,AQS,25,1,23
8/10/2019,29,Ozone,KEWAUNEE,55-061-0002,AQS,29,4,20
8/11/2019,44,Ozone,KEWAUNEE,55-061-0002,AQS,44,0,34
8/12/2019,50,Ozone,KEWAUNEE,55-061-0002,AQS,50,0,42
08/13/2019,28,Ozone,KEWAUNEE,55-061-0002,AQS,28,0,19
08/14/2019,23,Ozone,KEWAUNEE,55-061-0002,AQS,23,0,14
08/15/2019,28,Ozone,GREEN BAY - UW,55-009-0026,AQS,28,0,24
08/16/2019,36,Ozone,KEWAUNEE,55-061-0002,AQS,36,0,22
08/17/2019,40,Ozone,GREEN BAY - UW,55-009-0026,AQS,40,1,33
08/18/2019,35,Ozone,KEWAUNEE,55-061-0002,AQS,35,0,25
08/19/2019,37,Ozone,GREEN BAY - UW,55-009-0026,AQS,37,3,23
08/20/2019,44,Ozone,GREEN BAY - UW,55-009-0026,AQS,44,1,28
08/21/2019,27,Ozone,KEWAUNEE,55-061-0002,AQS,27,4,22
08/22/2019,21,Ozone,GREEN BAY - UW,55-009-0026,AQS,21,0,17
08/23/2019,21,Ozone,GREEN BAY - UW,55-009-0026,AQS,21,0,16
08/24/2019,27,Ozone,KEWAUNEE,55-061-0002,AQS,27,0,20
08/25/2019,34,Ozone,KEWAUNEE,55-061-0002,AQS,34,0,23
08/26/2019,34,Ozone,KEWAUNEE,55-061-0002,AQS,34,0,19
08/27/2019,32,Ozone,GREEN BAY - UW,55-009-0026,AQS,32,1,19
08/28/2019,26,Ozone,KEWAUNEE,55-061-0002,AQS,26,4,15
08/29/2019,32,Ozone,KEWAUNEE,55-061-0002,AQS,32,0,18
08/30/2019,32,Ozone,KEWAUNEE,55-061-0002,AQS,32,0,19
08/31/2019,38,PM2.5,GREEN BAY EAST HIGH,55-009-0005,AQS,33,0,38
9/1/2019,39,Ozone,GREEN BAY - UW,55-009-0026,AQS,39,1,38
9/2/2019,29,Ozone,KEWAUNEE,55-061-0002,AQS,29,1,22
9/3/2019,30,Ozone,GREEN BAY - UW,55-009-0026,AQS,30,0,20
9/4/2019,21,Ozone,KEWAUNEE,55-061-0002,AQS,21,1,13
9/5/2019,32,Ozone,KEWAUNEE,55-061-0002,AQS,32,1,27
9/6/2019,25,Ozone,KEWAUNEE,55-061-0002,AQS,25,3,23
9/7/2019,20,PM2.5,GREEN BAY EAST HIGH,55-009-0005,AQS,20,1,20
9/8/2019,21,Ozone,KEWAUNEE,55-061-0002,AQS,21,0,12
9/9/2019,32,Ozone,GREEN BAY - UW,55-009-0026,AQS,32,0,19
9/10/2019,42,Ozone,KEWAUNEE,55-061-0002,AQS,42,3,32
9/11/2019,22,Ozone,KEWAUNEE,55-061-0002,AQS,22,0,16
9/12/2019,27,Ozone,KEWAUNEE,55-061-0002,AQS,27,0,23
09/13/2019,31,Ozone,KEWAUNEE,55-061-0002,AQS,31,0,11
09/14/2019,38,Ozone,KEWAUNEE,55-061-0002,AQS,38,0,20
09/15/2019,36,Ozone,KEWAUNEE,55-061-0002,AQS,36,0,28
09/16/2019,38,PM2.5,GREEN BAY EAST HIGH,55-009-0005,AQS,24,0,38
09/17/2019,33,Ozone,KEWAUNEE,55-061-0002,AQS,33,0,29
09/18/2019,58,Ozone,GREEN BAY - UW,55-009-0026,AQS,58,0,44
09/19/2019,39,Ozone,KEWAUNEE,55-061-0002,AQS,39,0,27
09/20/2019,61,Ozone,KEWAUNEE,55-061-0002,AQS,61,0,28
09/21/2019,61,Ozone,KEWAUNEE,55-061-0002,AQS,61,0,44
09/22/2019,29,Ozone,KEWAUNEE,55-061-0002,AQS,29,0,22
09/23/2019,23,Ozone,KEWAUNEE,55-061-0002,AQS,23,0,19
09/24/2019,40,Ozone,GREEN BAY - UW,55-009-0026,AQS,40,0,21
09/25/2019,32,Ozone,KEWAUNEE,55-061-0002,AQS,32,0,20
09/26/2019,27,Ozone,GREEN BAY - UW,55-009-0026,AQS,27,0,15
09/27/2019,26,Ozone,GREEN BAY - UW,55-009-0026,AQS,26,0,22
09/28/2019,25,Ozone,GREEN BAY - UW,55-009-0026,AQS,25,0,13
09/29/2019,22,Ozone,KEWAUNEE,55-061-0002,AQS,22,0,12
09/30/2019,38,PM2.5,GREEN BAY EAST HIGH,55-009-0005,AQS,31,1,38
10/1/2019,23,PM2.5,GREEN BAY EAST HIGH,55-009-0005,AQS,23,1,23
10/2/2019,22,Ozone,KEWAUNEE,55-061-0002,AQS,22,0,8
10/3/2019,22,Ozone,KEWAUNEE,55-061-0002,AQS,22,0,8
10/4/2019,33,Ozone,KEWAUNEE,55-061-0002,AQS,33,0,11
10/5/2019,31,Ozone,KEWAUNEE,55-061-0002,AQS,31,0,18
10/6/2019,29,Ozone,GREEN BAY - UW,55-009-0026,AQS,29,4,15
10/7/2019,30,Ozone,KEWAUNEE,55-061-0002,AQS,30,1,20
10/8/2019,37,Ozone,KEWAUNEE,55-061-0002,AQS,37,1,27
10/9/2019,44,Ozone,GREEN BAY - UW,55-009-0026,AQS,44,1,30
10/10/2019,40,Ozone,KEWAUNEE,55-061-0002,AQS,40,0,30
10/11/2019,35,Ozone,KEWAUNEE,55-061-0002,AQS,35,4,18
10/12/2019,32,Ozone,GREEN BAY - UW,55-009-0026,AQS,32,1,17
10/13/2019,23,Ozone,GREEN BAY - UW,55-009-0026,AQS,23,3,12
10/14/2019,22,Ozone,KEWAUNEE,55-061-0002,AQS,22,1,19
10/15/2019,26,PM2.5,GREEN BAY EAST HIGH,55-009-0005,AQS,25,0,26
10/16/2019,27,Ozone,GREEN BAY - UW,55-009-0026,AQS,27,1,12
10/17/2019,19,PM2.5,GREEN BAY EAST HIGH,55-009-0005,AQS,.,1,19
10/18/2019,32,PM2.5,GREEN BAY EAST HIGH,55-009-0005,AQS,.,0,32
10/19/2019,42,PM2.5,GREEN BAY EAST HIGH,55-009-0005,AQS,.,3,42
10/20/2019,40,PM2.5,GREEN BAY EAST HIGH,55-009-0005,AQS,.,3,40
10/21/2019,26,PM2.5,GREEN BAY EAST HIGH,55-009-0005,AQS,.,0,26
10/22/2019,8,PM2.5,GREEN BAY EAST HIGH,55-009-0005,AQS,.,3,8
10/23/2019,14,PM2.5,GREEN BAY EAST HIGH,55-009-0005,AQS,.,1,14
10/24/2019,14,PM2.5,GREEN BAY EAST HIGH,55-009-0005,AQS,.,0,14
10/25/2019,25,PM2.5,GREEN BAY EAST HIGH,55-009-0005,AQS,.,1,25
10/26/2019,41,PM2.5,GREEN BAY EAST HIGH,55-009-0005,AQS,.,0,41
10/27/2019,45,PM2.5,GREEN BAY EAST HIGH,55-009-0005,AQS,.,3,45
10/28/2019,20,PM2.5,GREEN BAY EAST HIGH,55-009-0005,AQS,.,0,20
10/29/2019,30,PM2.5,GREEN BAY EAST HIGH,55-009-0005,AQS,.,0,30
10/30/2019,28,PM2.5,GREEN BAY EAST HIGH,55-009-0005,AQS,.,3,28
10/31/2019,18,PM2.5,GREEN BAY EAST HIGH,55-009-0005,AQS,.,0,18
11/1/2019,36,PM2.5,GREEN BAY EAST HIGH,55-009-0005,AQS,.,0,36
11/2/2019,29,PM2.5,GREEN BAY EAST HIGH,55-009-0005,AQS,.,0,29
11/3/2019,27,PM2.5,GREEN BAY EAST HIGH,55-009-0005,AQS,.,1,27
11/4/2019,40,PM2.5,GREEN BAY EAST HIGH,55-009-0005,AQS,.,0,40
11/5/2019,18,PM2.5,GREEN BAY EAST HIGH,55-009-0005,AQS,.,0,18
11/6/2019,30,PM2.5,GREEN BAY EAST HIGH,55-009-0005,AQS,.,0,30
11/7/2019,13,PM2.5,GREEN BAY EAST HIGH,55-009-0005,AQS,.,0,13
11/8/2019,22,PM2.5,GREEN BAY EAST HIGH,55-009-0005,AQS,.,1,22
11/9/2019,44,PM2.5,GREEN BAY EAST HIGH,55-009-0005,AQS,.,0,44
11/10/2019,30,PM2.5,GREEN BAY EAST HIGH,55-009-0005,AQS,.,0,30
11/11/2019,11,PM2.5,GREEN BAY EAST HIGH,55-009-0005,AQS,.,1,11
11/12/2019,14,PM2.5,GREEN BAY EAST HIGH,55-009-0005,AQS,.,0,14
11/13/2019,30,PM2.5,GREEN BAY EAST HIGH,55-009-0005,AQS,.,0,30
11/14/2019,51,PM2.5,GREEN BAY EAST HIGH,55-009-0005,AQS,.,3,51
11/15/2019,52,PM2.5,GREEN BAY EAST HIGH,55-009-0005,AQS,.,1,52
11/16/2019,32,PM2.5,GREEN BAY EAST HIGH,55-009-0005,AQS,.,0,32
11/17/2019,66,PM2.5,GREEN BAY EAST HIGH,55-009-0005,AQS,.,0,66
11/18/2019,58,PM2.5,GREEN BAY EAST HIGH,55-009-0005,AQS,.,0,58
11/19/2019,51,PM2.5,GREEN BAY EAST HIGH,55-009-0005,AQS,.,0,51
11/20/2019,64,PM2.5,GREEN BAY EAST HIGH,55-009-0005,AQS,.,0,64
11/21/2019,33,PM2.5,GREEN BAY EAST HIGH,55-009-0005,AQS,.,0,33
11/22/2019,17,PM2.5,GREEN BAY EAST HIGH,55-009-0005,AQS,.,0,17
11/23/2019,34,PM2.5,GREEN BAY EAST HIGH,55-009-0005,AQS,.,1,34
11/24/2019,48,PM2.5,GREEN BAY EAST HIGH,55-009-0005,AQS,.,1,48
11/25/2019,43,PM2.5,GREEN BAY EAST HIGH,55-009-0005,AQS,.,1,43
11/26/2019,15,PM2.5,GREEN BAY EAST HIGH,55-009-0005,AQS,.,0,15
11/27/2019,12,PM2.5,GREEN BAY EAST HIGH,55-009-0005,AQS,.,0,12
11/28/2019,6,PM2.5,GREEN BAY EAST HIGH,55-009-0005,AQS,.,0,6
11/29/2019,13,PM2.5,GREEN BAY EAST HIGH,55-009-0005,AQS,.,0,13
11/30/2019,20,PM2.5,GREEN BAY EAST HIGH,55-009-0005,AQS,.,0,20
12/1/2019,9,PM2.5,GREEN BAY EAST HIGH,55-009-0005,AQS,.,0,9
12/2/2019,18,PM2.5,GREEN BAY EAST HIGH,55-009-0005,AQS,.,0,18
12/3/2019,46,PM2.5,GREEN BAY EAST HIGH,55-009-0005,AQS,.,0,46
12/4/2019,35,PM2.5,GREEN BAY EAST HIGH,55-009-0005,AQS,.,0,35
12/5/2019,44,PM2.5,GREEN BAY EAST HIGH,55-009-0005,AQS,.,0,44
12/6/2019,24,PM2.5,GREEN BAY EAST HIGH,55-009-0005,AQS,.,0,24
12/7/2019,45,PM2.5,GREEN BAY EAST HIGH,55-009-0005,AQS,.,0,45
12/8/2019,65,PM2.5,GREEN BAY EAST HIGH,55-009-0005,AQS,.,1,65
12/9/2019,29,PM2.5,GREEN BAY EAST HIGH,55-009-0005,AQS,.,0,29
12/10/2019,23,PM2.5,GREEN BAY EAST HIGH,55-009-0005,AQS,.,0,23
12/11/2019,42,PM2.5,GREEN BAY EAST HIGH,55-009-0005,AQS,.,6,42
12/12/2019,57,PM2.5,GREEN BAY EAST HIGH,55-009-0005,AQS,.,3,57
12/13/2019,64,PM2.5,GREEN BAY EAST HIGH,55-009-0005,AQS,.,0,64
12/14/2019,75,PM2.5,GREEN BAY EAST HIGH,55-009-0005,AQS,.,0,75
12/15/2019,34,PM2.5,GREEN BAY EAST HIGH,55-009-0005,AQS,.,1,34
12/16/2019,44,PM2.5,GREEN BAY EAST HIGH,55-009-0005,AQS,.,3,44
12/17/2019,57,PM2.5,GREEN BAY EAST HIGH,55-009-0005,AQS,.,0,57
12/18/2019,24,PM2.5,GREEN BAY EAST HIGH,55-009-0005,AQS,.,1,24
12/19/2019,52,PM2.5,GREEN BAY EAST HIGH,55-009-0005,AQS,.,0,52
12/20/2019,80,PM2.5,GREEN BAY EAST HIGH,55-009-0005,AQS,.,0,80
12/21/2019,70,PM2.5,GREEN BAY EAST HIGH,55-009-0005,AQS,.,3,70
12/22/2019,63,PM2.5,GREEN BAY EAST HIGH,55-009-0005,AQS,.,3,63
12/23/2019,48,PM2.5,GREEN BAY EAST HIGH,55-009-0005,AQS,.,1,48
12/24/2019,78,PM2.5,GREEN BAY EAST HIGH,55-009-0005,AQS,.,0,78
12/25/2019,87,PM2.5,GREEN BAY EAST HIGH,55-009-0005,AirNow,.,0,87
12/26/2019,60,PM2.5,GREEN BAY EAST HIGH,55-009-0005,AirNow,.,0,60
12/27/2019,51,PM2.5,GREEN BAY EAST HIGH,55-009-0005,AQS,.,0,51
12/28/2019,60,PM2.5,GREEN BAY EAST HIGH,55-009-0005,AQS,.,0,60
12/29/2019,32,PM2.5,GREEN BAY EAST HIGH,55-009-0005,AQS,.,0,32
12/30/2019,16,PM2.5,GREEN BAY EAST HIGH,55-009-0005,AQS,.,0,16
12/31/2019,11,PM2.5,GREEN BAY EAST HIGH,55-009-0005,AQS,.,0,11
